epoch,step,train_loss_epoch,train_loss_step,val_loss
0,1,,,13.37318229675293
0,1,13.512432098388672,,
1,3,,,11.32880973815918
1,3,11.527420997619629,,
2,5,,,9.589879989624023
2,5,9.696049690246582,,
3,7,,,7.75126838684082
3,7,8.323766708374023,,
4,9,,,6.003247261047363
4,9,6.843124866485596,,
5,11,,,5.30038595199585
5,11,5.209141731262207,,
6,13,,,3.8103513717651367
6,13,4.235490798950195,,
7,15,,,3.2688634395599365
7,15,3.709786891937256,,
8,17,,,2.7089197635650635
8,17,2.944237470626831,,
9,19,,,2.048086166381836
9,19,2.8406822681427,,
10,21,,,2.2007172107696533
10,21,2.025606393814087,,
11,23,,,1.4385818243026733
11,23,1.516806960105896,,
12,25,,,1.5948541164398193
12,25,1.605722188949585,,
13,27,,,2.307391881942749
13,27,1.5471398830413818,,
14,29,,,2.231855869293213
14,29,1.9864143133163452,,
15,31,,,2.4082162380218506
15,31,1.6259745359420776,,
16,33,,,1.4549493789672852
16,33,1.8647894859313965,,
17,35,,,2.370781183242798
17,35,1.4636709690093994,,
18,37,,,1.7545068264007568
18,37,1.275850772857666,,
19,39,,,1.288813829421997
19,39,1.8621898889541626,,
20,41,,,1.6745545864105225
20,41,1.0832339525222778,,
21,43,,,1.6056164503097534
21,43,1.5601165294647217,,
22,45,,,1.8034369945526123
22,45,1.6671322584152222,,
23,47,,,2.589487075805664
23,47,1.2861231565475464,,
24,49,,1.1015897989273071,
24,49,,,1.8415759801864624
24,49,1.2694896459579468,,
25,51,,,0.7855212688446045
25,51,1.301054835319519,,
26,53,,,1.7245514392852783
26,53,1.4924981594085693,,
27,55,,,1.5582998991012573
27,55,1.3563568592071533,,
28,57,,,1.2247710227966309
28,57,1.058314323425293,,
29,59,,,1.270068883895874
29,59,1.3073409795761108,,
30,61,,,1.3599562644958496
30,61,1.6060982942581177,,
31,63,,,1.294948697090149
31,63,1.6954054832458496,,
32,65,,,1.7386622428894043
32,65,1.419399380683899,,
33,67,,,1.4142889976501465
33,67,1.2624900341033936,,
34,69,,,1.4935745000839233
34,69,1.3269685506820679,,
35,71,,,1.4892382621765137
35,71,1.3443162441253662,,
36,73,,,0.8091688752174377
36,73,1.4331527948379517,,
37,75,,,1.8368022441864014
37,75,1.2914307117462158,,
38,77,,,1.42008376121521
38,77,1.4721887111663818,,
39,79,,,0.8292531371116638
39,79,1.4381952285766602,,
40,81,,,1.8594791889190674
40,81,0.9708770513534546,,
41,83,,,2.1811132431030273
41,83,1.1373908519744873,,
42,85,,,1.0119651556015015
42,85,1.6891021728515625,,
43,87,,,1.93341863155365
43,87,1.1201645135879517,,
44,89,,,1.3223110437393188
44,89,1.1845258474349976,,
45,91,,,1.7296961545944214
45,91,1.4495419263839722,,
46,93,,,1.1308932304382324
46,93,1.14885675907135,,
47,95,,,1.1617963314056396
47,95,1.7974014282226562,,
48,97,,,1.336758017539978
48,97,1.3545809984207153,,
49,99,,0.7736838459968567,
49,99,,,1.5665900707244873
49,99,1.0519038438796997,,
50,101,,,1.2012643814086914
50,101,1.9872558116912842,,
51,103,,,2.142669677734375
51,103,1.6972395181655884,,
52,105,,,1.7749546766281128
52,105,1.264957308769226,,
53,107,,,1.0177183151245117
53,107,1.3430142402648926,,
54,109,,,1.5154485702514648
54,109,1.0989553928375244,,
55,111,,,2.1743111610412598
55,111,1.0252585411071777,,
56,113,,,1.4690330028533936
56,113,1.3466812372207642,,
57,115,,,0.8517895340919495
57,115,1.3628926277160645,,
58,117,,,2.236983299255371
58,117,1.2675431966781616,,
59,119,,,1.5173370838165283
59,119,1.2391148805618286,,
60,121,,,1.6376549005508423
60,121,1.4036411046981812,,
61,123,,,1.4228813648223877
61,123,1.715612530708313,,
62,125,,,1.2288662195205688
62,125,1.3391228914260864,,
63,127,,,1.6168986558914185
63,127,1.4532592296600342,,
64,129,,,1.7200642824172974
64,129,1.8732364177703857,,
65,131,,,2.122744083404541
65,131,1.3065338134765625,,
66,133,,,1.9456303119659424
66,133,1.4168187379837036,,
67,135,,,2.9927589893341064
67,135,1.2437835931777954,,
68,137,,,1.4290955066680908
68,137,1.1077650785446167,,
69,139,,,1.1702767610549927
69,139,1.1264739036560059,,
70,141,,,1.2915345430374146
70,141,1.0026665925979614,,
71,143,,,0.9208289980888367
71,143,0.9701284170150757,,
72,145,,,1.2262310981750488
72,145,1.988631010055542,,
73,147,,,0.7537419199943542
73,147,1.4486140012741089,,
74,149,,1.176360011100769,
74,149,,,1.8065105676651
74,149,1.0337170362472534,,
75,151,,,1.4643522500991821
75,151,1.5232491493225098,,
76,153,,,1.589328408241272
76,153,1.1507700681686401,,
77,155,,,0.8735334277153015
77,155,1.1304785013198853,,
78,157,,,1.1088407039642334
78,157,1.297788381576538,,
79,159,,,1.3325705528259277
79,159,0.8407750129699707,,
80,161,,,1.1031054258346558
80,161,1.121677041053772,,
81,163,,,1.8876985311508179
81,163,2.2694177627563477,,
82,165,,,1.5572118759155273
82,165,1.1436429023742676,,
83,167,,,2.168623447418213
83,167,1.027125358581543,,
84,169,,,0.805514395236969
84,169,1.2484562397003174,,
85,171,,,1.833505392074585
85,171,1.2762305736541748,,
86,173,,,0.9456347823143005
86,173,1.3296678066253662,,
87,175,,,1.5030511617660522
87,175,1.6846011877059937,,
88,177,,,0.9991217255592346
88,177,1.2776747941970825,,
89,179,,,1.6191822290420532
89,179,1.029000997543335,,
90,181,,,1.0759211778640747
90,181,1.0474318265914917,,
91,183,,,1.184674859046936
91,183,1.4501338005065918,,
92,185,,,1.127593755722046
92,185,1.0235236883163452,,
93,187,,,1.3813157081604004
93,187,1.1738275289535522,,
94,189,,,1.2945553064346313
94,189,1.3487968444824219,,
95,191,,,1.255944848060608
95,191,1.759160041809082,,
96,193,,,3.2752249240875244
96,193,1.2835928201675415,,
97,195,,,1.0553646087646484
97,195,1.8802357912063599,,
98,197,,,1.3517272472381592
98,197,0.8349245190620422,,
99,199,,1.124534249305725,
99,199,,,0.7275807857513428
99,199,1.1337673664093018,,
100,201,,,2.2665703296661377
100,201,1.4004371166229248,,
101,203,,,0.9725562334060669
101,203,1.5124636888504028,,
102,205,,,1.7646783590316772
102,205,1.0466428995132446,,
103,207,,,1.3149559497833252
103,207,1.3243786096572876,,
104,209,,,1.636867642402649
104,209,1.3074427843093872,,
105,211,,,0.8231645822525024
105,211,1.6196414232254028,,
106,213,,,1.3123698234558105
106,213,1.274204134941101,,
107,215,,,1.4918535947799683
107,215,1.5174216032028198,,
108,217,,,1.816481113433838
108,217,1.7670941352844238,,
109,219,,,2.1494832038879395
109,219,0.7802278399467468,,
110,221,,,0.7144270539283752
110,221,1.4464372396469116,,
111,223,,,1.2247778177261353
111,223,1.5651588439941406,,
112,225,,,1.0678797960281372
112,225,1.3655352592468262,,
113,227,,,1.4455004930496216
113,227,1.6432890892028809,,
114,229,,,1.8011682033538818
114,229,0.989983081817627,,
115,231,,,0.9215461611747742
115,231,1.4627848863601685,,
116,233,,,1.2863798141479492
116,233,1.3387939929962158,,
117,235,,,1.4405163526535034
117,235,1.0265097618103027,,
118,237,,,0.7063888311386108
118,237,1.3345472812652588,,
119,239,,,1.7238402366638184
119,239,1.010740041732788,,
120,241,,,1.6606181859970093
120,241,1.1457922458648682,,
121,243,,,1.2573245763778687
121,243,1.3439291715621948,,
122,245,,,1.0182456970214844
122,245,1.517063021659851,,
123,247,,,0.7289682626724243
123,247,1.2749519348144531,,
124,249,,1.934934377670288,
124,249,,,1.3530068397521973
124,249,1.571498990058899,,
125,251,,,0.9921289086341858
125,251,1.6500484943389893,,
126,253,,,1.9663740396499634
126,253,1.1245003938674927,,
127,255,,,1.5919476747512817
127,255,1.24079167842865,,
128,257,,,1.0873578786849976
128,257,1.7094018459320068,,
129,259,,,1.3967496156692505
129,259,1.3068149089813232,,
130,261,,,0.6939204335212708
130,261,1.1668645143508911,,
131,263,,,1.2268010377883911
131,263,1.2807101011276245,,
132,265,,,1.1083147525787354
132,265,1.0268243551254272,,
133,267,,,2.0116212368011475
133,267,1.5097628831863403,,
134,269,,,1.132068157196045
134,269,1.0479273796081543,,
135,271,,,1.1207588911056519
135,271,1.451636552810669,,
136,273,,,0.724221408367157
136,273,1.4683821201324463,,
137,275,,,0.8783714771270752
137,275,1.1365736722946167,,
138,277,,,1.5635786056518555
138,277,1.09708571434021,,
139,279,,,1.2706679105758667
139,279,1.264694094657898,,
140,281,,,0.761691689491272
140,281,1.013758659362793,,
141,283,,,1.2220216989517212
141,283,0.906180739402771,,
142,285,,,1.0023795366287231
142,285,1.063839316368103,,
143,287,,,1.5696510076522827
143,287,1.1859601736068726,,
144,289,,,1.0375638008117676
144,289,1.1072865724563599,,
145,291,,,1.7978639602661133
145,291,1.0361508131027222,,
146,293,,,0.584198534488678
146,293,1.6474881172180176,,
147,295,,,1.72102689743042
147,295,1.5819761753082275,,
148,297,,,1.0892077684402466
148,297,0.8132081627845764,,
149,299,,0.844862699508667,
149,299,,,1.6294080018997192
149,299,1.266369342803955,,
150,301,,,1.482825517654419
150,301,1.145554542541504,,
151,303,,,0.8635375499725342
151,303,0.849094569683075,,
152,305,,,1.1555118560791016
152,305,1.0871249437332153,,
153,307,,,1.0062166452407837
153,307,1.1541991233825684,,
154,309,,,0.8971993327140808
154,309,1.3607739210128784,,
155,311,,,1.4806761741638184
155,311,1.2785533666610718,,
156,313,,,1.471693992614746
156,313,1.2534631490707397,,
157,315,,,1.0848182439804077
157,315,1.1473159790039062,,
158,317,,,0.7664555311203003
158,317,1.1093295812606812,,
159,319,,,1.1765302419662476
159,319,1.589768886566162,,
160,321,,,1.7022877931594849
160,321,0.9615898728370667,,
161,323,,,0.935590386390686
161,323,0.9494538903236389,,
162,325,,,0.906745195388794
162,325,1.344017744064331,,
163,327,,,1.4254037141799927
163,327,1.8284401893615723,,
164,329,,,2.0211455821990967
164,329,1.2846635580062866,,
165,331,,,1.2480779886245728
165,331,1.660319209098816,,
166,333,,,1.2106211185455322
166,333,1.523287296295166,,
167,335,,,2.009597063064575
167,335,1.5728344917297363,,
168,337,,,1.3313415050506592
168,337,1.1192437410354614,,
169,339,,,1.5416682958602905
169,339,1.104954481124878,,
170,341,,,1.584675908088684
170,341,1.4729992151260376,,
171,343,,,1.5873051881790161
171,343,0.7697982788085938,,
172,345,,,0.6375483274459839
172,345,1.0767854452133179,,
173,347,,,1.6912016868591309
173,347,1.0919690132141113,,
174,349,,1.330639123916626,
174,349,,,1.5254589319229126
174,349,1.0038228034973145,,
175,351,,,1.1461683511734009
175,351,1.1726078987121582,,
176,353,,,0.9971762895584106
176,353,1.031221866607666,,
177,355,,,1.172699213027954
177,355,1.5138461589813232,,
178,357,,,0.9717657566070557
178,357,1.0243266820907593,,
179,359,,,1.1854407787322998
179,359,1.2335606813430786,,
180,361,,,1.6206549406051636
180,361,1.3812490701675415,,
181,363,,,0.865140974521637
181,363,1.2386151552200317,,
182,365,,,0.8146289587020874
182,365,1.810136079788208,,
183,367,,,1.4878965616226196
183,367,1.3104264736175537,,
184,369,,,1.3538906574249268
184,369,1.4890129566192627,,
185,371,,,1.9443875551223755
185,371,1.0547974109649658,,
186,373,,,2.1551835536956787
186,373,1.2139164209365845,,
187,375,,,0.6075267195701599
187,375,1.4272019863128662,,
188,377,,,1.7823280096054077
188,377,1.1486420631408691,,
189,379,,,1.2587518692016602
189,379,1.4447829723358154,,
190,381,,,1.4653555154800415
190,381,1.091069221496582,,
191,383,,,1.2069652080535889
191,383,1.090501308441162,,
192,385,,,1.7156741619110107
192,385,1.8105731010437012,,
193,387,,,1.433640480041504
193,387,1.2856806516647339,,
194,389,,,1.7683112621307373
194,389,1.1501983404159546,,
195,391,,,0.9172203540802002
195,391,1.0760153532028198,,
196,393,,,1.15910005569458
196,393,1.1152005195617676,,
197,395,,,1.7109315395355225
197,395,0.8772480487823486,,
198,397,,,0.7650565505027771
198,397,0.9158602952957153,,
199,399,,1.2385518550872803,
199,399,,,1.9957956075668335
199,399,1.0326026678085327,,
200,401,,,1.869232177734375
200,401,0.8119529485702515,,
201,403,,,1.2203798294067383
201,403,0.8640588521957397,,
202,405,,,1.5854836702346802
202,405,1.1114078760147095,,
203,407,,,1.2513865232467651
203,407,1.5119314193725586,,
204,409,,,0.9663165807723999
204,409,1.2738559246063232,,
205,411,,,1.2882882356643677
205,411,1.0390021800994873,,
206,413,,,0.7886821627616882
206,413,1.1188874244689941,,
207,415,,,0.8003291487693787
207,415,1.1069353818893433,,
208,417,,,2.741765022277832
208,417,1.3392542600631714,,
209,419,,,1.2829346656799316
209,419,0.8674403429031372,,
210,421,,,0.8235162496566772
210,421,1.1277486085891724,,
211,423,,,1.5307790040969849
211,423,1.226578950881958,,
212,425,,,1.0086780786514282
212,425,1.362626314163208,,
213,427,,,1.4747635126113892
213,427,1.021916389465332,,
214,429,,,2.6742143630981445
214,429,1.108278751373291,,
215,431,,,1.1811890602111816
215,431,0.7742962837219238,,
216,433,,,1.4740082025527954
216,433,1.2488234043121338,,
217,435,,,1.4454923868179321
217,435,1.2254762649536133,,
218,437,,,0.8493233323097229
218,437,0.7053328156471252,,
219,439,,,1.9494553804397583
219,439,1.273564338684082,,
220,441,,,0.9297535419464111
220,441,1.0933735370635986,,
221,443,,,1.3955556154251099
221,443,1.5635364055633545,,
222,445,,,1.66148042678833
222,445,1.5292927026748657,,
223,447,,,1.2216906547546387
223,447,0.9923045635223389,,
224,449,,1.1560752391815186,
224,449,,,1.3362274169921875
224,449,1.6321278810501099,,
225,451,,,0.6582290530204773
225,451,1.1878819465637207,,
226,453,,,1.3412046432495117
226,453,0.912495493888855,,
227,455,,,1.8981362581253052
227,455,0.9930808544158936,,
228,457,,,1.069095492362976
228,457,1.2280707359313965,,
229,459,,,1.8514220714569092
229,459,0.9077876210212708,,
230,461,,,1.4695223569869995
230,461,0.9803422689437866,,
231,463,,,1.9341944456100464
231,463,1.1384061574935913,,
232,465,,,1.7548786401748657
232,465,0.9488468766212463,,
233,467,,,1.1275382041931152
233,467,1.742175579071045,,
234,469,,,1.963962435722351
234,469,1.1908460855484009,,
235,471,,,2.222158432006836
235,471,1.811822533607483,,
236,473,,,1.1932923793792725
236,473,0.8404175639152527,,
237,475,,,0.7426297068595886
237,475,1.0032010078430176,,
238,477,,,2.1474835872650146
238,477,1.2331584692001343,,
239,479,,,1.474433183670044
239,479,0.9953514933586121,,
240,481,,,0.8847531676292419
240,481,1.0168908834457397,,
241,483,,,1.4051402807235718
241,483,0.885575532913208,,
242,485,,,0.7843695878982544
242,485,1.213126540184021,,
243,487,,,0.871951699256897
243,487,1.3307052850723267,,
244,489,,,1.0983805656433105
244,489,0.9184921383857727,,
245,491,,,1.1815186738967896
245,491,1.4184292554855347,,
246,493,,,1.4150681495666504
246,493,1.2696411609649658,,
247,495,,,1.6627885103225708
247,495,0.9098045825958252,,
248,497,,,0.7841653227806091
248,497,1.2593355178833008,,
249,499,,1.0534334182739258,
249,499,,,0.7776312232017517
249,499,1.1378322839736938,,
250,501,,,0.8634152412414551
250,501,0.902683436870575,,
251,503,,,1.3963409662246704
251,503,1.1015942096710205,,
252,505,,,1.7639069557189941
252,505,1.1603649854660034,,
253,507,,,1.3346259593963623
253,507,1.2584681510925293,,
254,509,,,1.324455976486206
254,509,1.3572555780410767,,
255,511,,,0.7925636172294617
255,511,0.7782050967216492,,
256,513,,,0.9129063487052917
256,513,1.717142939567566,,
257,515,,,1.0468899011611938
257,515,1.1009588241577148,,
258,517,,,1.1819336414337158
258,517,1.0782694816589355,,
259,519,,,1.2858662605285645
259,519,1.3096140623092651,,
260,521,,,0.8831176161766052
260,521,0.8106282949447632,,
261,523,,,0.7685500383377075
261,523,1.0895733833312988,,
262,525,,,1.0044456720352173
262,525,0.9370684027671814,,
263,527,,,1.5023373365402222
263,527,0.7980918884277344,,
264,529,,,1.1048177480697632
264,529,0.9083852171897888,,
265,531,,,1.050897479057312
265,531,1.3819667100906372,,
266,533,,,1.0554373264312744
266,533,1.3029323816299438,,
267,535,,,0.9880489110946655
267,535,1.7983424663543701,,
268,537,,,1.4642835855484009
268,537,1.2201751470565796,,
269,539,,,1.1195180416107178
269,539,1.0993369817733765,,
270,541,,,1.9252489805221558
270,541,1.0525908470153809,,
271,543,,,2.3135156631469727
271,543,0.8904564380645752,,
272,545,,,1.3649580478668213
272,545,1.3519186973571777,,
273,547,,,1.0909799337387085
273,547,1.1802427768707275,,
274,549,,1.7002754211425781,
274,549,,,0.7826778888702393
274,549,1.7523560523986816,,
275,551,,,1.4758824110031128
275,551,0.8073312640190125,,
276,553,,,1.0890920162200928
276,553,1.3106259107589722,,
277,555,,,1.2317520380020142
277,555,0.8078410625457764,,
278,557,,,1.217756748199463
278,557,1.5698895454406738,,
279,559,,,1.8498800992965698
279,559,0.9374427199363708,,
280,561,,,1.6721795797348022
280,561,1.2396992444992065,,
281,563,,,1.4276211261749268
281,563,0.9621465802192688,,
282,565,,,0.7387340068817139
282,565,1.0735459327697754,,
283,567,,,1.4076144695281982
283,567,0.9958471059799194,,
284,569,,,1.4549518823623657
284,569,1.4464068412780762,,
285,571,,,2.0654726028442383
285,571,1.1631803512573242,,
286,573,,,1.6405670642852783
286,573,1.5011018514633179,,
287,575,,,0.8271985650062561
287,575,1.2483115196228027,,
288,577,,,0.8675016760826111
288,577,1.0805081129074097,,
289,579,,,1.5446410179138184
289,579,1.1872462034225464,,
290,581,,,1.9009760618209839
290,581,1.737727403640747,,
291,583,,,1.3629802465438843
291,583,1.598702073097229,,
292,585,,,1.1428064107894897
292,585,1.2025617361068726,,
293,587,,,1.3038326501846313
293,587,1.5468636751174927,,
294,589,,,1.1268209218978882
294,589,1.03177809715271,,
295,591,,,1.0717744827270508
295,591,1.2383503913879395,,
296,593,,,1.4621033668518066
296,593,1.0191987752914429,,
297,595,,,1.711998701095581
297,595,1.2058138847351074,,
298,597,,,1.5427325963974
298,597,1.094454288482666,,
299,599,,1.033716082572937,
299,599,,,0.7717172503471375
299,599,0.9794775247573853,,
300,601,,,0.7419043183326721
300,601,1.289951205253601,,
301,603,,,1.2331637144088745
301,603,1.0214264392852783,,
302,605,,,2.0417697429656982
302,605,1.260683536529541,,
303,607,,,1.276974081993103
303,607,1.0934991836547852,,
304,609,,,1.3753867149353027
304,609,1.4029852151870728,,
305,611,,,1.5241931676864624
305,611,0.7399601936340332,,
306,613,,,1.3752648830413818
306,613,1.9946469068527222,,
307,615,,,1.7983888387680054
307,615,1.4797519445419312,,
308,617,,,1.2492494583129883
308,617,1.1934059858322144,,
309,619,,,1.092655062675476
309,619,0.8267773389816284,,
310,621,,,0.5219953656196594
310,621,0.9747968912124634,,
311,623,,,0.6417547464370728
311,623,1.1623464822769165,,
312,625,,,0.9720554947853088
312,625,0.8518669009208679,,
313,627,,,1.23573899269104
313,627,1.2502102851867676,,
314,629,,,0.862522304058075
314,629,1.2508020401000977,,
315,631,,,2.0570950508117676
315,631,1.200283408164978,,
316,633,,,1.0045212507247925
316,633,1.3052113056182861,,
317,635,,,1.1164814233779907
317,635,1.214767575263977,,
318,637,,,1.132644772529602
318,637,1.1469646692276,,
319,639,,,1.5524874925613403
319,639,1.2389241456985474,,
320,641,,,1.210038185119629
320,641,0.9407697916030884,,
321,643,,,1.1659460067749023
321,643,1.6968203783035278,,
322,645,,,1.9152570962905884
322,645,1.0795420408248901,,
323,647,,,0.8599411845207214
323,647,1.3465218544006348,,
324,649,,1.090815782546997,
324,649,,,1.0559245347976685
324,649,1.0598794221878052,,
325,651,,,1.3212491273880005
325,651,1.2961593866348267,,
326,653,,,1.7589279413223267
326,653,1.587732195854187,,
327,655,,,1.0003502368927002
327,655,1.1479289531707764,,
328,657,,,1.2067161798477173
328,657,1.0245307683944702,,
329,659,,,1.0946767330169678
329,659,1.1222267150878906,,
330,661,,,1.4697985649108887
330,661,1.1536487340927124,,
331,663,,,1.2279959917068481
331,663,0.8903996348381042,,
332,665,,,0.7692247033119202
332,665,1.118107557296753,,
333,667,,,1.6297698020935059
333,667,1.0794596672058105,,
334,669,,,0.8878290057182312
334,669,1.0235470533370972,,
335,671,,,2.231828451156616
335,671,0.9393605589866638,,
336,673,,,0.8655553460121155
336,673,1.5137149095535278,,
337,675,,,1.9042586088180542
337,675,1.3759084939956665,,
338,677,,,1.7233752012252808
338,677,1.5450953245162964,,
339,679,,,1.620996117591858
339,679,1.3408265113830566,,
340,681,,,1.8439258337020874
340,681,0.9646826386451721,,
341,683,,,0.8650410175323486
341,683,1.3798284530639648,,
342,685,,,0.9866149425506592
342,685,0.8560768961906433,,
343,687,,,1.3110871315002441
343,687,1.109283208847046,,
344,689,,,0.7327491044998169
344,689,0.6601560115814209,,
345,691,,,1.701632022857666
345,691,0.6782009601593018,,
346,693,,,1.0999032258987427
346,693,0.948748767375946,,
347,695,,,0.5392705798149109
347,695,0.9727478623390198,,
348,697,,,2.436164140701294
348,697,1.6128910779953003,,
349,699,,0.799897313117981,
349,699,,,0.7454501986503601
349,699,1.0358030796051025,,
350,701,,,0.9370609521865845
350,701,0.8700880408287048,,
351,703,,,0.99083411693573
351,703,1.102387547492981,,
352,705,,,0.7207548022270203
352,705,0.988690972328186,,
353,707,,,0.8986918926239014
353,707,1.1322698593139648,,
354,709,,,1.6745187044143677
354,709,1.1668615341186523,,
355,711,,,1.9655876159667969
355,711,0.8840258121490479,,
356,713,,,0.9704916477203369
356,713,1.095767855644226,,
357,715,,,1.043571949005127
357,715,1.0198549032211304,,
358,717,,,1.0627268552780151
358,717,0.7166387438774109,,
359,719,,,1.3720577955245972
359,719,1.0387829542160034,,
360,721,,,1.393459677696228
360,721,1.1383458375930786,,
361,723,,,1.5801929235458374
361,723,1.4058501720428467,,
362,725,,,1.0743091106414795
362,725,1.1187783479690552,,
363,727,,,1.8011412620544434
363,727,1.2141625881195068,,
364,729,,,1.0935289859771729
364,729,1.2708393335342407,,
365,731,,,1.5818824768066406
365,731,1.1755585670471191,,
366,733,,,1.5200698375701904
366,733,0.825735330581665,,
367,735,,,0.7365472316741943
367,735,0.9476034641265869,,
368,737,,,1.5954883098602295
368,737,1.3856115341186523,,
369,739,,,0.9543538689613342
369,739,0.9138148427009583,,
370,741,,,1.0900375843048096
370,741,0.7334249019622803,,
371,743,,,1.7010445594787598
371,743,1.1218963861465454,,
372,745,,,0.9822014570236206
372,745,1.5549867153167725,,
373,747,,,1.0389271974563599
373,747,1.0464084148406982,,
374,749,,0.9172642827033997,
374,749,,,0.7001875042915344
374,749,1.1721585988998413,,
375,751,,,0.5860897898674011
375,751,0.6778311133384705,,
376,753,,,0.8587470054626465
376,753,1.0356303453445435,,
377,755,,,1.506341814994812
377,755,1.271020770072937,,
378,757,,,1.0665096044540405
378,757,0.7602877020835876,,
379,759,,,1.0707341432571411
379,759,1.4019666910171509,,
380,761,,,0.7294155359268188
380,761,1.4011083841323853,,
381,763,,,1.4034981727600098
381,763,1.0059235095977783,,
382,765,,,1.8751368522644043
382,765,1.3548301458358765,,
383,767,,,0.7462528347969055
383,767,1.0599262714385986,,
384,769,,,0.9734495282173157
384,769,1.1754461526870728,,
385,771,,,0.675322413444519
385,771,1.3842413425445557,,
386,773,,,1.0427439212799072
386,773,0.8833290934562683,,
387,775,,,1.0019739866256714
387,775,1.3336635828018188,,
388,777,,,1.5254021883010864
388,777,1.6546615362167358,,
389,779,,,1.7925266027450562
389,779,1.0213756561279297,,
390,781,,,1.4012043476104736
390,781,0.9285662770271301,,
391,783,,,1.0684126615524292
391,783,0.829362690448761,,
392,785,,,1.4262882471084595
392,785,1.314052700996399,,
393,787,,,0.9510852098464966
393,787,1.4727392196655273,,
394,789,,,2.19014048576355
394,789,1.1444745063781738,,
395,791,,,1.222001552581787
395,791,1.1843153238296509,,
396,793,,,1.5127521753311157
396,793,1.2583739757537842,,
397,795,,,0.9919513463973999
397,795,1.1598941087722778,,
398,797,,,0.7602293491363525
398,797,0.9715939164161682,,
399,799,,0.6229487061500549,
399,799,,,1.021762490272522
399,799,1.1168739795684814,,
400,801,,,1.4280105829238892
400,801,1.4629104137420654,,
401,803,,,0.8219892382621765
401,803,1.2239831686019897,,
402,805,,,1.0837464332580566
402,805,0.9638387560844421,,
403,807,,,1.710404872894287
403,807,1.0181297063827515,,
404,809,,,1.8598474264144897
404,809,0.9129823446273804,,
405,811,,,0.6278501152992249
405,811,1.310392141342163,,
406,813,,,1.1380488872528076
406,813,1.3395614624023438,,
407,815,,,1.4543211460113525
407,815,1.115010380744934,,
408,817,,,1.1429076194763184
408,817,1.2247003316879272,,
409,819,,,0.6425807476043701
409,819,1.2201504707336426,,
410,821,,,1.0847046375274658
410,821,1.051526665687561,,
411,823,,,1.2539745569229126
411,823,1.7136300802230835,,
412,825,,,0.9558854103088379
412,825,0.958359956741333,,
413,827,,,1.2626289129257202
413,827,0.737955629825592,,
414,829,,,1.6426256895065308
414,829,1.3985344171524048,,
415,831,,,1.9050278663635254
415,831,1.2049905061721802,,
416,833,,,1.0759639739990234
416,833,1.435085654258728,,
417,835,,,1.559553623199463
417,835,0.6749317049980164,,
418,837,,,2.3251471519470215
418,837,1.0236501693725586,,
419,839,,,1.8309444189071655
419,839,0.8402139544487,,
420,841,,,1.07912278175354
420,841,0.9105943441390991,,
421,843,,,1.5757158994674683
421,843,0.8249032497406006,,
422,845,,,0.9418672323226929
422,845,1.452191948890686,,
423,847,,,1.6359987258911133
423,847,0.8986862301826477,,
424,849,,1.0138201713562012,
424,849,,,2.130326509475708
424,849,0.953886091709137,,
425,851,,,1.338436484336853
425,851,1.101173758506775,,
426,853,,,0.5544167160987854
426,853,1.1228222846984863,,
427,855,,,1.3410850763320923
427,855,1.2682262659072876,,
428,857,,,0.7075574398040771
428,857,1.1036088466644287,,
429,859,,,2.5873377323150635
429,859,0.7623241543769836,,
430,861,,,1.3857624530792236
430,861,1.3073065280914307,,
431,863,,,1.200915813446045
431,863,1.1893105506896973,,
432,865,,,1.5600377321243286
432,865,0.7706153988838196,,
433,867,,,1.3732502460479736
433,867,1.0096862316131592,,
434,869,,,1.5561819076538086
434,869,1.0153018236160278,,
435,871,,,1.9933124780654907
435,871,1.3603357076644897,,
436,873,,,1.8586310148239136
436,873,1.4273312091827393,,
437,875,,,1.179970622062683
437,875,1.2638771533966064,,
438,877,,,1.7607264518737793
438,877,1.2937588691711426,,
439,879,,,1.3508055210113525
439,879,1.152776837348938,,
440,881,,,1.0772783756256104
440,881,1.2967473268508911,,
441,883,,,1.7754276990890503
441,883,1.6273446083068848,,
442,885,,,1.4104204177856445
442,885,1.4826884269714355,,
443,887,,,2.0143637657165527
443,887,1.1356738805770874,,
444,889,,,1.3392025232315063
444,889,1.2916884422302246,,
445,891,,,1.5716677904129028
445,891,0.9434910416603088,,
446,893,,,1.5503703355789185
446,893,0.9509666562080383,,
447,895,,,1.4235707521438599
447,895,1.2207897901535034,,
448,897,,,1.3401113748550415
448,897,0.8187187314033508,,
449,899,,0.7942569255828857,
449,899,,,1.7058504819869995
449,899,0.8834563493728638,,
450,901,,,0.6867658495903015
450,901,0.8408137559890747,,
451,903,,,1.023056149482727
451,903,1.441388726234436,,
452,905,,,0.6863484978675842
452,905,1.5361889600753784,,
453,907,,,0.7395235300064087
453,907,0.9080896973609924,,
454,909,,,1.1911455392837524
454,909,1.316544532775879,,
455,911,,,1.6550811529159546
455,911,1.1667437553405762,,
456,913,,,1.6355525255203247
456,913,0.985892653465271,,
457,915,,,0.9958887696266174
457,915,1.057348370552063,,
458,917,,,0.9472010135650635
458,917,1.0160577297210693,,
459,919,,,0.8911619782447815
459,919,1.1354657411575317,,
460,921,,,1.0499484539031982
460,921,0.9785678386688232,,
461,923,,,1.6645747423171997
461,923,1.144640326499939,,
462,925,,,1.064189076423645
462,925,1.061620831489563,,
463,927,,,0.8641647100448608
463,927,1.5083181858062744,,
464,929,,,1.7182722091674805
464,929,1.667629361152649,,
465,931,,,2.2397892475128174
465,931,1.332218050956726,,
466,933,,,1.1271514892578125
466,933,1.174898624420166,,
467,935,,,1.6577306985855103
467,935,1.3056901693344116,,
468,937,,,1.000656247138977
468,937,1.4365910291671753,,
469,939,,,0.6203084588050842
469,939,1.0462547540664673,,
470,941,,,0.9767823219299316
470,941,1.4136509895324707,,
471,943,,,1.0851930379867554
471,943,1.2062474489212036,,
472,945,,,1.1666957139968872
472,945,1.0147602558135986,,
473,947,,,1.263056993484497
473,947,0.9986373782157898,,
474,949,,0.9480114579200745,
474,949,,,1.4971979856491089
474,949,1.048241376876831,,
475,951,,,0.9575968980789185
475,951,1.4203137159347534,,
476,953,,,1.6245815753936768
476,953,1.1237999200820923,,
477,955,,,1.863547921180725
477,955,1.005267858505249,,
478,957,,,1.5364882946014404
478,957,1.385596513748169,,
479,959,,,1.4910048246383667
479,959,1.2197296619415283,,
480,961,,,1.1550017595291138
480,961,1.1755197048187256,,
481,963,,,1.1167865991592407
481,963,1.5595649480819702,,
482,965,,,0.9628202319145203
482,965,1.2363200187683105,,
483,967,,,1.1049609184265137
483,967,1.2943353652954102,,
484,969,,,0.8725689053535461
484,969,0.968965470790863,,
485,971,,,1.0407322645187378
485,971,1.2846183776855469,,
486,973,,,1.0220859050750732
486,973,1.1613253355026245,,
487,975,,,0.8790350556373596
487,975,0.9045036435127258,,
488,977,,,0.6895396709442139
488,977,1.2538906335830688,,
489,979,,,1.6935688257217407
489,979,1.2180910110473633,,
490,981,,,1.0523557662963867
490,981,0.7856438159942627,,
491,983,,,1.780861258506775
491,983,0.7350354194641113,,
492,985,,,1.2481508255004883
492,985,1.2623481750488281,,
493,987,,,1.0181660652160645
493,987,1.328832983970642,,
494,989,,,1.7891082763671875
494,989,0.9349989295005798,,
495,991,,,1.5342812538146973
495,991,1.3601990938186646,,
496,993,,,0.8372257947921753
496,993,1.2260067462921143,,
497,995,,,0.9201599359512329
497,995,1.3305858373641968,,
498,997,,,0.721839189529419
498,997,0.9500407576560974,,
499,999,,0.7073837518692017,
499,999,,,0.9403117299079895
499,999,0.8068850636482239,,
500,1001,,,0.9224847555160522
500,1001,0.794974684715271,,
501,1003,,,0.8753454089164734
501,1003,0.7830473184585571,,
502,1005,,,0.7491805553436279
502,1005,1.2020617723464966,,
503,1007,,,0.7853540182113647
503,1007,1.4582467079162598,,
504,1009,,,2.3526759147644043
504,1009,1.0135465860366821,,
505,1011,,,0.7975114583969116
505,1011,1.098265528678894,,
506,1013,,,0.9878590106964111
506,1013,1.1791832447052002,,
507,1015,,,1.3039257526397705
507,1015,1.3251466751098633,,
508,1017,,,1.342041015625
508,1017,1.329483985900879,,
509,1019,,,1.4578156471252441
509,1019,1.1710973978042603,,
510,1021,,,0.8091134428977966
510,1021,1.3842657804489136,,
511,1023,,,1.1169764995574951
511,1023,0.8482243418693542,,
512,1025,,,1.1823968887329102
512,1025,1.3851513862609863,,
513,1027,,,1.1978081464767456
513,1027,0.8685978651046753,,
514,1029,,,0.6726237535476685
514,1029,1.1031296253204346,,
515,1031,,,2.071519374847412
515,1031,0.9719374179840088,,
516,1033,,,1.0971589088439941
516,1033,1.796453833580017,,
517,1035,,,0.9835771322250366
517,1035,1.0662145614624023,,
518,1037,,,2.388277769088745
518,1037,1.0364251136779785,,
519,1039,,,1.1220556497573853
519,1039,1.6602826118469238,,
520,1041,,,1.041430950164795
520,1041,0.9181632995605469,,
521,1043,,,1.162778377532959
521,1043,1.489289402961731,,
522,1045,,,1.08294677734375
522,1045,1.0321904420852661,,
523,1047,,,1.0714678764343262
523,1047,1.6308969259262085,,
524,1049,,1.6379327774047852,
524,1049,,,0.638565719127655
524,1049,1.309553861618042,,
525,1051,,,0.950671911239624
525,1051,1.5104022026062012,,
526,1053,,,1.6726056337356567
526,1053,1.6306015253067017,,
527,1055,,,1.4031126499176025
527,1055,0.7880493998527527,,
528,1057,,,0.8417418599128723
528,1057,1.161241054534912,,
529,1059,,,0.8188912272453308
529,1059,1.3464831113815308,,
530,1061,,,1.3005977869033813
530,1061,1.1723593473434448,,
531,1063,,,0.8092119693756104
531,1063,1.4049373865127563,,
532,1065,,,1.6785656213760376
532,1065,1.1201177835464478,,
533,1067,,,1.2281256914138794
533,1067,0.8281064033508301,,
534,1069,,,1.5731031894683838
534,1069,1.3833585977554321,,
535,1071,,,1.1202822923660278
535,1071,1.4418460130691528,,
536,1073,,,0.8861325979232788
536,1073,1.147841215133667,,
537,1075,,,1.3839927911758423
537,1075,0.8890670537948608,,
538,1077,,,1.8422801494598389
538,1077,1.4461989402770996,,
539,1079,,,1.8353798389434814
539,1079,0.9247793555259705,,
540,1081,,,0.9568517208099365
540,1081,1.7633029222488403,,
541,1083,,,1.6054118871688843
541,1083,0.7014598250389099,,
542,1085,,,1.3582931756973267
542,1085,0.9991044402122498,,
543,1087,,,0.999599814414978
543,1087,1.0821356773376465,,
544,1089,,,1.5114322900772095
544,1089,1.655876636505127,,
545,1091,,,1.2938904762268066
545,1091,0.9060854911804199,,
546,1093,,,0.9507437348365784
546,1093,1.0681873559951782,,
547,1095,,,0.8687341809272766
547,1095,1.160342812538147,,
548,1097,,,1.3621577024459839
548,1097,1.2169407606124878,,
549,1099,,0.6328616142272949,
549,1099,,,1.5496402978897095
549,1099,0.8336235284805298,,
550,1101,,,0.8912145495414734
550,1101,0.9866548180580139,,
551,1103,,,1.1631535291671753
551,1103,1.247877836227417,,
552,1105,,,1.1202235221862793
552,1105,1.246923804283142,,
553,1107,,,0.7885910272598267
553,1107,0.8564193844795227,,
554,1109,,,0.8097269535064697
554,1109,1.0716263055801392,,
555,1111,,,0.7917419672012329
555,1111,1.1461607217788696,,
556,1113,,,1.4455112218856812
556,1113,1.5854239463806152,,
557,1115,,,1.2605226039886475
557,1115,1.6332279443740845,,
558,1117,,,1.3206919431686401
558,1117,1.0699779987335205,,
559,1119,,,1.2624558210372925
559,1119,1.0705227851867676,,
560,1121,,,0.7174880504608154
560,1121,0.8933537006378174,,
561,1123,,,1.279693841934204
561,1123,1.647216796875,,
562,1125,,,1.8617734909057617
562,1125,1.4181857109069824,,
563,1127,,,1.1715795993804932
563,1127,1.2031821012496948,,
564,1129,,,1.5515121221542358
564,1129,0.6731131672859192,,
565,1131,,,0.8896385431289673
565,1131,1.131227731704712,,
566,1133,,,0.7080857753753662
566,1133,1.4689768552780151,,
567,1135,,,1.3515592813491821
567,1135,0.9803343415260315,,
568,1137,,,1.03922438621521
568,1137,0.904775083065033,,
569,1139,,,1.5096989870071411
569,1139,1.3864120244979858,,
570,1141,,,0.9756543040275574
570,1141,1.0526916980743408,,
571,1143,,,0.9100893139839172
571,1143,1.3014167547225952,,
572,1145,,,1.066341757774353
572,1145,1.1119786500930786,,
573,1147,,,0.8706505298614502
573,1147,1.7352206707000732,,
574,1149,,1.418097734451294,
574,1149,,,0.9058902263641357
574,1149,1.437217354774475,,
575,1151,,,1.3596268892288208
575,1151,1.4821577072143555,,
576,1153,,,1.6573807001113892
576,1153,0.8233805298805237,,
577,1155,,,0.8978854417800903
577,1155,1.1796618700027466,,
578,1157,,,1.1554622650146484
578,1157,1.4736498594284058,,
579,1159,,,0.8672800660133362
579,1159,1.3025915622711182,,
580,1161,,,1.3362488746643066
580,1161,1.2564927339553833,,
581,1163,,,0.859168291091919
581,1163,1.1036568880081177,,
582,1165,,,1.0038172006607056
582,1165,1.632470726966858,,
583,1167,,,1.478121280670166
583,1167,1.4515135288238525,,
584,1169,,,1.1129496097564697
584,1169,1.1876789331436157,,
585,1171,,,1.1922272443771362
585,1171,1.0729162693023682,,
586,1173,,,1.698069453239441
586,1173,0.9520521759986877,,
587,1175,,,2.3278579711914062
587,1175,1.2447450160980225,,
588,1177,,,2.0432395935058594
588,1177,0.9592099189758301,,
589,1179,,,1.4677574634552002
589,1179,0.8453938961029053,,
590,1181,,,1.0041475296020508
590,1181,1.2640751600265503,,
591,1183,,,1.1590824127197266
591,1183,0.8919088840484619,,
592,1185,,,0.6381950974464417
592,1185,1.4628430604934692,,
593,1187,,,1.7892929315567017
593,1187,1.1278891563415527,,
594,1189,,,1.470382571220398
594,1189,0.8041653633117676,,
595,1191,,,1.4557974338531494
595,1191,1.3630266189575195,,
596,1193,,,1.643784761428833
596,1193,1.296970248222351,,
597,1195,,,1.590093731880188
597,1195,1.1646465063095093,,
598,1197,,,1.451287031173706
598,1197,1.0930759906768799,,
599,1199,,2.0507583618164062,
599,1199,,,1.114389181137085
599,1199,1.7254196405410767,,
600,1201,,,1.1809890270233154
600,1201,0.9327085614204407,,
601,1203,,,0.8686097860336304
601,1203,0.9411599636077881,,
602,1205,,,0.958081066608429
602,1205,0.8674716353416443,,
603,1207,,,2.0460596084594727
603,1207,0.9725906848907471,,
604,1209,,,1.9803590774536133
604,1209,1.1844631433486938,,
605,1211,,,0.8265793323516846
605,1211,1.3674378395080566,,
606,1213,,,1.408168077468872
606,1213,1.7056246995925903,,
607,1215,,,1.2631267309188843
607,1215,1.2814348936080933,,
608,1217,,,1.0119718313217163
608,1217,1.4165008068084717,,
609,1219,,,1.0445215702056885
609,1219,1.2046678066253662,,
610,1221,,,1.821404218673706
610,1221,1.1722896099090576,,
611,1223,,,0.8926689028739929
611,1223,1.4377014636993408,,
612,1225,,,1.4521164894104004
612,1225,1.9437249898910522,,
613,1227,,,1.0585589408874512
613,1227,1.0487985610961914,,
614,1229,,,1.110426664352417
614,1229,1.2367262840270996,,
615,1231,,,0.6287913918495178
615,1231,1.6106353998184204,,
616,1233,,,0.9115149974822998
616,1233,1.1718651056289673,,
617,1235,,,1.752851963043213
617,1235,1.5972943305969238,,
618,1237,,,0.729305624961853
618,1237,1.2019952535629272,,
619,1239,,,1.0111720561981201
619,1239,1.2358258962631226,,
620,1241,,,0.9720053672790527
620,1241,1.6251702308654785,,
621,1243,,,0.9336098432540894
621,1243,1.2750812768936157,,
622,1245,,,1.3347669839859009
622,1245,0.7685650587081909,,
623,1247,,,0.8937152028083801
623,1247,1.4184592962265015,,
624,1249,,1.173130989074707,
624,1249,,,1.3648712635040283
624,1249,1.437080979347229,,
625,1251,,,1.492519736289978
625,1251,0.9532990455627441,,
626,1253,,,2.342778205871582
626,1253,1.035246729850769,,
627,1255,,,1.4149584770202637
627,1255,0.976153552532196,,
628,1257,,,1.1838297843933105
628,1257,1.0416465997695923,,
629,1259,,,1.1085315942764282
629,1259,1.0079759359359741,,
630,1261,,,0.7085543870925903
630,1261,1.2298179864883423,,
631,1263,,,0.8903805017471313
631,1263,1.3661895990371704,,
632,1265,,,1.0096932649612427
632,1265,1.8680410385131836,,
633,1267,,,0.5657723546028137
633,1267,1.2415157556533813,,
634,1269,,,1.0753982067108154
634,1269,1.3363862037658691,,
635,1271,,,1.4184130430221558
635,1271,1.2810231447219849,,
636,1273,,,1.2229201793670654
636,1273,1.2364530563354492,,
637,1275,,,1.2374650239944458
637,1275,1.1245445013046265,,
638,1277,,,0.7993700504302979
638,1277,1.358605146408081,,
639,1279,,,1.6533464193344116
639,1279,1.2758864164352417,,
640,1281,,,1.1973785161972046
640,1281,1.3539657592773438,,
641,1283,,,1.1850117444992065
641,1283,1.281139850616455,,
642,1285,,,1.2516051530838013
642,1285,1.3189492225646973,,
643,1287,,,1.2021855115890503
643,1287,1.1419098377227783,,
644,1289,,,0.834369421005249
644,1289,1.274566650390625,,
645,1291,,,1.3346322774887085
645,1291,0.9485796093940735,,
646,1293,,,1.1522908210754395
646,1293,0.7938755750656128,,
647,1295,,,0.9343389868736267
647,1295,1.2611604928970337,,
648,1297,,,0.601039707660675
648,1297,1.2631688117980957,,
649,1299,,1.3408398628234863,
649,1299,,,1.093531608581543
649,1299,1.3474454879760742,,
650,1301,,,0.8087061047554016
650,1301,1.1980576515197754,,
651,1303,,,0.9252036809921265
651,1303,0.7356341481208801,,
652,1305,,,0.7828556299209595
652,1305,0.9746516346931458,,
653,1307,,,1.362576961517334
653,1307,1.4233970642089844,,
654,1309,,,0.964834988117218
654,1309,0.9001469612121582,,
655,1311,,,1.1736176013946533
655,1311,0.8522477746009827,,
656,1313,,,1.1978622674942017
656,1313,1.0370944738388062,,
657,1315,,,1.4435101747512817
657,1315,1.3588787317276,,
658,1317,,,1.2733728885650635
658,1317,1.1432586908340454,,
659,1319,,,1.34870183467865
659,1319,1.077904462814331,,
660,1321,,,0.9469554424285889
660,1321,1.17571222782135,,
661,1323,,,0.99610435962677
661,1323,1.023941993713379,,
662,1325,,,0.7161270380020142
662,1325,1.147397518157959,,
663,1327,,,0.6126507520675659
663,1327,1.3272100687026978,,
664,1329,,,0.7962828278541565
664,1329,1.338536024093628,,
665,1331,,,1.2946890592575073
665,1331,0.9166609048843384,,
666,1333,,,0.9611139893531799
666,1333,1.306565284729004,,
667,1335,,,0.9110020995140076
667,1335,1.159725546836853,,
668,1337,,,1.2699460983276367
668,1337,0.8840568661689758,,
669,1339,,,2.38979172706604
669,1339,0.9115418195724487,,
670,1341,,,0.780525267124176
670,1341,1.046973705291748,,
671,1343,,,1.9554804563522339
671,1343,0.6861995458602905,,
672,1345,,,0.7085967063903809
672,1345,1.027147889137268,,
673,1347,,,1.0719249248504639
673,1347,1.0656979084014893,,
674,1349,,1.2913285493850708,
674,1349,,,1.0790045261383057
674,1349,1.0682754516601562,,
675,1351,,,1.1085370779037476
675,1351,1.2138980627059937,,
676,1353,,,1.7796134948730469
676,1353,1.6061474084854126,,
677,1355,,,0.6578149199485779
677,1355,0.9250561594963074,,
678,1357,,,1.3710092306137085
678,1357,1.18940007686615,,
679,1359,,,1.0413084030151367
679,1359,0.8313482403755188,,
680,1361,,,1.1255080699920654
680,1361,1.643609881401062,,
681,1363,,,1.158997654914856
681,1363,1.2659515142440796,,
682,1365,,,0.9964984059333801
682,1365,0.8928620219230652,,
683,1367,,,0.7145802974700928
683,1367,1.0881022214889526,,
684,1369,,,1.6813957691192627
684,1369,1.1961146593093872,,
685,1371,,,0.8563156723976135
685,1371,1.0591191053390503,,
686,1373,,,1.5230224132537842
686,1373,1.4351792335510254,,
687,1375,,,1.6250797510147095
687,1375,0.9155932664871216,,
688,1377,,,1.8177406787872314
688,1377,1.1263070106506348,,
689,1379,,,1.262617826461792
689,1379,0.8376360535621643,,
690,1381,,,2.26674485206604
690,1381,1.1480724811553955,,
691,1383,,,1.015740990638733
691,1383,0.9375289082527161,,
692,1385,,,1.0998549461364746
692,1385,2.3021938800811768,,
693,1387,,,0.7850501537322998
693,1387,1.1978003978729248,,
694,1389,,,1.3872575759887695
694,1389,0.8575976490974426,,
695,1391,,,1.2697968482971191
695,1391,0.9638352990150452,,
696,1393,,,1.400362253189087
696,1393,1.045240044593811,,
697,1395,,,0.8304641842842102
697,1395,1.1196402311325073,,
698,1397,,,2.451789379119873
698,1397,1.227394461631775,,
699,1399,,1.8497779369354248,
699,1399,,,0.7832044959068298
699,1399,1.7282464504241943,,
700,1401,,,0.7035247683525085
700,1401,0.960263192653656,,
701,1403,,,1.4464718103408813
701,1403,1.2607399225234985,,
702,1405,,,1.6542259454727173
702,1405,1.3379194736480713,,
703,1407,,,1.3033069372177124
703,1407,1.0759583711624146,,
704,1409,,,1.4893077611923218
704,1409,0.8362058401107788,,
705,1411,,,1.1754772663116455
705,1411,0.8763005137443542,,
706,1413,,,1.808477520942688
706,1413,0.9198286533355713,,
707,1415,,,1.2052804231643677
707,1415,0.9783976078033447,,
708,1417,,,1.5041112899780273
708,1417,1.1522036790847778,,
709,1419,,,1.434571385383606
709,1419,1.5994668006896973,,
710,1421,,,1.8667243719100952
710,1421,1.707886815071106,,
711,1423,,,1.4690464735031128
711,1423,1.2638897895812988,,
712,1425,,,1.0392307043075562
712,1425,1.615855097770691,,
713,1427,,,0.9884610176086426
713,1427,1.4032455682754517,,
714,1429,,,1.8915408849716187
714,1429,1.2778056859970093,,
715,1431,,,1.5197844505310059
715,1431,1.4433965682983398,,
716,1433,,,0.5485478043556213
716,1433,1.2944368124008179,,
717,1435,,,0.8682193160057068
717,1435,1.359074354171753,,
718,1437,,,0.9476556181907654
718,1437,1.214920997619629,,
719,1439,,,1.930404543876648
719,1439,0.8375138640403748,,
720,1441,,,1.0051417350769043
720,1441,0.8671079874038696,,
721,1443,,,1.548833966255188
721,1443,0.7477133274078369,,
722,1445,,,0.7501047253608704
722,1445,1.186560034751892,,
723,1447,,,0.9464057683944702
723,1447,1.1442004442214966,,
724,1449,,0.546813428401947,
724,1449,,,1.2180685997009277
724,1449,0.5587731599807739,,
725,1451,,,1.048503041267395
725,1451,1.418448805809021,,
726,1453,,,1.625322699546814
726,1453,1.448733925819397,,
727,1455,,,1.3282016515731812
727,1455,1.1203958988189697,,
728,1457,,,1.146699070930481
728,1457,0.8983619809150696,,
729,1459,,,1.4015201330184937
729,1459,0.9946346282958984,,
730,1461,,,1.470346212387085
730,1461,1.2713840007781982,,
731,1463,,,1.4282314777374268
731,1463,1.1440880298614502,,
732,1465,,,1.7232048511505127
732,1465,0.9123277068138123,,
733,1467,,,0.806917667388916
733,1467,1.1738190650939941,,
734,1469,,,1.2835533618927002
734,1469,1.1221503019332886,,
735,1471,,,1.1115535497665405
735,1471,0.957649290561676,,
736,1473,,,0.8471879363059998
736,1473,1.4646623134613037,,
737,1475,,,1.0384727716445923
737,1475,1.4683074951171875,,
738,1477,,,1.3131963014602661
738,1477,1.2245396375656128,,
739,1479,,,1.4080700874328613
739,1479,0.8131809830665588,,
740,1481,,,2.1181304454803467
740,1481,0.8264431953430176,,
741,1483,,,1.3994457721710205
741,1483,0.9423330426216125,,
742,1485,,,1.2866885662078857
742,1485,1.1032696962356567,,
743,1487,,,2.594465732574463
743,1487,0.8648479580879211,,
744,1489,,,1.1717946529388428
744,1489,1.7849700450897217,,
745,1491,,,1.5684133768081665
745,1491,0.9543461799621582,,
746,1493,,,1.049177885055542
746,1493,1.6496086120605469,,
747,1495,,,1.2025060653686523
747,1495,1.37788987159729,,
748,1497,,,0.7075363397598267
748,1497,1.4081686735153198,,
749,1499,,0.868047297000885,
749,1499,,,1.7534079551696777
749,1499,0.9417636394500732,,
750,1501,,,1.1583408117294312
750,1501,0.8086940050125122,,
751,1503,,,1.2093654870986938
751,1503,1.5108472108840942,,
752,1505,,,0.45294201374053955
752,1505,0.9930636882781982,,
753,1507,,,0.6258933544158936
753,1507,1.0953904390335083,,
754,1509,,,0.9503334164619446
754,1509,1.001333475112915,,
755,1511,,,0.5042538046836853
755,1511,1.3545236587524414,,
756,1513,,,1.5181163549423218
756,1513,0.9745818972587585,,
757,1515,,,1.4737275838851929
757,1515,1.0060211420059204,,
758,1517,,,1.0515251159667969
758,1517,1.5125765800476074,,
759,1519,,,1.2798373699188232
759,1519,0.8042629957199097,,
760,1521,,,1.8226040601730347
760,1521,1.289994716644287,,
761,1523,,,0.628846287727356
761,1523,1.3771083354949951,,
762,1525,,,0.3870156407356262
762,1525,1.039553165435791,,
763,1527,,,0.7902628183364868
763,1527,1.332617163658142,,
764,1529,,,1.1018649339675903
764,1529,1.2116552591323853,,
765,1531,,,1.1689835786819458
765,1531,1.0706117153167725,,
766,1533,,,0.9684414863586426
766,1533,1.015008807182312,,
767,1535,,,1.5296937227249146
767,1535,1.7712302207946777,,
768,1537,,,1.9353550672531128
768,1537,1.5920300483703613,,
769,1539,,,0.8186625838279724
769,1539,0.9319229125976562,,
770,1541,,,2.2665326595306396
770,1541,0.8047434091567993,,
771,1543,,,1.3328512907028198
771,1543,1.4145419597625732,,
772,1545,,,1.5666298866271973
772,1545,0.6707531809806824,,
773,1547,,,1.5932507514953613
773,1547,0.8509248495101929,,
774,1549,,0.7801766991615295,
774,1549,,,1.7681843042373657
774,1549,0.8859710693359375,,
775,1551,,,1.611198902130127
775,1551,1.6164658069610596,,
776,1553,,,2.282684803009033
776,1553,0.975898265838623,,
777,1555,,,2.510955333709717
777,1555,1.2276369333267212,,
778,1557,,,1.4821994304656982
778,1557,1.4561758041381836,,
779,1559,,,1.1710686683654785
779,1559,0.7857082486152649,,
780,1561,,,1.0418775081634521
780,1561,1.0178014039993286,,
781,1563,,,1.1442080736160278
781,1563,1.259111762046814,,
782,1565,,,1.8006097078323364
782,1565,1.3374019861221313,,
783,1567,,,1.68611741065979
783,1567,0.9551708698272705,,
784,1569,,,1.5734810829162598
784,1569,0.754683256149292,,
785,1571,,,0.5374196171760559
785,1571,1.5827813148498535,,
786,1573,,,1.2845122814178467
786,1573,0.6890014410018921,,
787,1575,,,1.212910532951355
787,1575,1.5397571325302124,,
788,1577,,,0.771531879901886
788,1577,1.0374263525009155,,
789,1579,,,1.2046606540679932
789,1579,0.9362345933914185,,
790,1581,,,1.0360077619552612
790,1581,1.0959711074829102,,
791,1583,,,1.3331618309020996
791,1583,1.0772199630737305,,
792,1585,,,0.8464967608451843
792,1585,1.3304648399353027,,
793,1587,,,0.6164556741714478
793,1587,1.0024970769882202,,
794,1589,,,1.1136776208877563
794,1589,1.409226417541504,,
795,1591,,,1.0971274375915527
795,1591,1.2237682342529297,,
796,1593,,,1.6666964292526245
796,1593,1.4879541397094727,,
797,1595,,,0.7030336856842041
797,1595,0.6811735033988953,,
798,1597,,,1.0527116060256958
798,1597,1.1002289056777954,,
799,1599,,1.474947452545166,
799,1599,,,1.0384323596954346
799,1599,1.3613718748092651,,
800,1601,,,1.286626935005188
800,1601,1.2287980318069458,,
801,1603,,,0.9758703112602234
801,1603,1.0062780380249023,,
802,1605,,,0.661775529384613
802,1605,1.389491319656372,,
803,1607,,,0.9189960360527039
803,1607,1.4541926383972168,,
804,1609,,,0.8649547100067139
804,1609,0.9519473910331726,,
805,1611,,,1.3725491762161255
805,1611,0.9644100666046143,,
806,1613,,,1.6215077638626099
806,1613,0.7922731041908264,,
807,1615,,,1.1597778797149658
807,1615,1.1648141145706177,,
808,1617,,,1.979934573173523
808,1617,1.768684983253479,,
809,1619,,,1.2822364568710327
809,1619,1.5885014533996582,,
810,1621,,,1.826126217842102
810,1621,1.2345913648605347,,
811,1623,,,1.2667280435562134
811,1623,1.0840721130371094,,
812,1625,,,0.8715003728866577
812,1625,1.0836929082870483,,
813,1627,,,1.5503805875778198
813,1627,0.845078706741333,,
814,1629,,,1.187690019607544
814,1629,1.0864752531051636,,
815,1631,,,1.766821265220642
815,1631,0.8666135668754578,,
816,1633,,,1.2403639554977417
816,1633,0.6729640364646912,,
817,1635,,,0.6993638873100281
817,1635,0.7500317096710205,,
818,1637,,,1.2130699157714844
818,1637,1.0264374017715454,,
819,1639,,,1.0050510168075562
819,1639,1.263491153717041,,
820,1641,,,1.6587544679641724
820,1641,0.8895223736763,,
821,1643,,,1.0405625104904175
821,1643,1.2070661783218384,,
822,1645,,,1.1163502931594849
822,1645,1.3567898273468018,,
823,1647,,,0.9002612233161926
823,1647,0.9903245568275452,,
824,1649,,2.185776472091675,
824,1649,,,1.6358642578125
824,1649,1.9283632040023804,,
825,1651,,,1.1036700010299683
825,1651,1.294926404953003,,
826,1653,,,1.825708031654358
826,1653,1.6237304210662842,,
827,1655,,,1.4741272926330566
827,1655,0.88788241147995,,
828,1657,,,1.3132704496383667
828,1657,1.2253283262252808,,
829,1659,,,0.6063175201416016
829,1659,1.2788276672363281,,
830,1661,,,1.1124213933944702
830,1661,1.4550833702087402,,
831,1663,,,0.6818549633026123
831,1663,1.1288377046585083,,
832,1665,,,0.6498622298240662
832,1665,1.0318032503128052,,
833,1667,,,0.8168705105781555
833,1667,1.4592708349227905,,
834,1669,,,0.7953891158103943
834,1669,1.2460654973983765,,
835,1671,,,1.4368587732315063
835,1671,1.1848901510238647,,
836,1673,,,0.8720556497573853
836,1673,1.618588924407959,,
837,1675,,,1.7696794271469116
837,1675,1.6101855039596558,,
838,1677,,,1.3074699640274048
838,1677,1.367923617362976,,
839,1679,,,0.6247783303260803
839,1679,1.1504850387573242,,
840,1681,,,1.0726745128631592
840,1681,1.0978937149047852,,
841,1683,,,1.5029990673065186
841,1683,1.1977843046188354,,
842,1685,,,0.7446843981742859
842,1685,0.9805900454521179,,
843,1687,,,0.8957471251487732
843,1687,1.132440209388733,,
844,1689,,,2.538968801498413
844,1689,1.5045825242996216,,
845,1691,,,1.3641955852508545
845,1691,1.2120583057403564,,
846,1693,,,1.3195533752441406
846,1693,1.0954519510269165,,
847,1695,,,1.3035043478012085
847,1695,1.0060632228851318,,
848,1697,,,1.1044447422027588
848,1697,0.8780978322029114,,
849,1699,,0.6748808026313782,
849,1699,,,2.1952261924743652
849,1699,0.6300509572029114,,
850,1701,,,1.1251206398010254
850,1701,0.7663945555686951,,
851,1703,,,1.3622994422912598
851,1703,1.1762611865997314,,
852,1705,,,1.157357096672058
852,1705,0.7757584452629089,,
853,1707,,,1.3062224388122559
853,1707,1.2535178661346436,,
854,1709,,,1.0033392906188965
854,1709,1.1928025484085083,,
855,1711,,,1.4880797863006592
855,1711,1.1378053426742554,,
856,1713,,,1.3950921297073364
856,1713,1.3607656955718994,,
857,1715,,,1.8933154344558716
857,1715,0.8072641491889954,,
858,1717,,,1.043978214263916
858,1717,0.8926536440849304,,
859,1719,,,0.6000933647155762
859,1719,1.4837853908538818,,
860,1721,,,1.503178358078003
860,1721,1.3138830661773682,,
861,1723,,,1.301700472831726
861,1723,1.2216429710388184,,
862,1725,,,0.9844833612442017
862,1725,0.9810255169868469,,
863,1727,,,1.377346158027649
863,1727,1.2224777936935425,,
864,1729,,,0.8994073271751404
864,1729,1.0385417938232422,,
865,1731,,,1.1430562734603882
865,1731,1.8295401334762573,,
866,1733,,,1.0716584920883179
866,1733,1.0993822813034058,,
867,1735,,,1.8302096128463745
867,1735,1.4616702795028687,,
868,1737,,,1.4441486597061157
868,1737,0.7617189884185791,,
869,1739,,,0.8266618847846985
869,1739,0.8169291019439697,,
870,1741,,,2.2638134956359863
870,1741,1.0994060039520264,,
871,1743,,,1.5537930727005005
871,1743,1.0807580947875977,,
872,1745,,,1.5770173072814941
872,1745,1.0320147275924683,,
873,1747,,,1.209486722946167
873,1747,1.463861107826233,,
874,1749,,0.7965445518493652,
874,1749,,,1.7676024436950684
874,1749,0.9050260782241821,,
875,1751,,,0.8229931592941284
875,1751,1.1641100645065308,,
876,1753,,,0.7914262413978577
876,1753,0.9380972385406494,,
877,1755,,,1.3520114421844482
877,1755,0.931312084197998,,
878,1757,,,1.557065725326538
878,1757,0.788379430770874,,
879,1759,,,2.408214807510376
879,1759,0.7914168834686279,,
880,1761,,,1.0777642726898193
880,1761,1.0189059972763062,,
881,1763,,,1.0296982526779175
881,1763,0.8607662320137024,,
882,1765,,,1.1685118675231934
882,1765,1.131205677986145,,
883,1767,,,0.9198906421661377
883,1767,0.9221345782279968,,
884,1769,,,1.001264214515686
884,1769,0.892935037612915,,
885,1771,,,1.4787570238113403
885,1771,1.0475282669067383,,
886,1773,,,0.920899510383606
886,1773,0.927095890045166,,
887,1775,,,1.4597169160842896
887,1775,0.9984933733940125,,
888,1777,,,1.2286007404327393
888,1777,0.8240201473236084,,
889,1779,,,1.9570763111114502
889,1779,1.1741584539413452,,
890,1781,,,0.981340229511261
890,1781,0.7169926166534424,,
891,1783,,,0.8200762867927551
891,1783,0.8837538361549377,,
892,1785,,,0.9175260663032532
892,1785,0.991658627986908,,
893,1787,,,0.9743707776069641
893,1787,1.2318495512008667,,
894,1789,,,1.240963101387024
894,1789,0.8981456160545349,,
895,1791,,,1.7198357582092285
895,1791,1.2247852087020874,,
896,1793,,,1.2093274593353271
896,1793,0.7329393029212952,,
897,1795,,,1.2761304378509521
897,1795,1.0267800092697144,,
898,1797,,,1.0562039613723755
898,1797,0.9854328632354736,,
899,1799,,0.9844130277633667,
899,1799,,,2.149223804473877
899,1799,1.0462456941604614,,
900,1801,,,1.3146560192108154
900,1801,1.3896896839141846,,
901,1803,,,1.917513132095337
901,1803,1.4403358697891235,,
902,1805,,,1.0473096370697021
902,1805,1.5099434852600098,,
903,1807,,,1.8362280130386353
903,1807,1.3708691596984863,,
904,1809,,,0.7515113353729248
904,1809,0.8534716963768005,,
905,1811,,,1.250251293182373
905,1811,1.926401972770691,,
906,1813,,,1.5948864221572876
906,1813,0.9646968841552734,,
907,1815,,,0.7976387739181519
907,1815,1.3369663953781128,,
908,1817,,,1.116168737411499
908,1817,0.9550689458847046,,
909,1819,,,0.8396583795547485
909,1819,1.4953405857086182,,
910,1821,,,1.4392478466033936
910,1821,1.0487021207809448,,
911,1823,,,1.5935207605361938
911,1823,1.8569353818893433,,
912,1825,,,1.3207298517227173
912,1825,1.0213215351104736,,
913,1827,,,1.0540003776550293
913,1827,1.3453413248062134,,
914,1829,,,1.4449702501296997
914,1829,1.3726511001586914,,
915,1831,,,0.6289107799530029
915,1831,1.6062524318695068,,
916,1833,,,0.9905194044113159
916,1833,1.1211687326431274,,
917,1835,,,1.564307451248169
917,1835,1.0954240560531616,,
918,1837,,,1.4523769617080688
918,1837,1.2188560962677002,,
919,1839,,,1.5319348573684692
919,1839,0.9197085499763489,,
920,1841,,,0.6806583404541016
920,1841,0.755337119102478,,
921,1843,,,0.9819251298904419
921,1843,0.9845727682113647,,
922,1845,,,0.9003209471702576
922,1845,0.5849667191505432,,
923,1847,,,0.6921294927597046
923,1847,1.629184365272522,,
924,1849,,0.8441795706748962,
924,1849,,,1.516749620437622
924,1849,0.9829429388046265,,
925,1851,,,1.5113617181777954
925,1851,1.003999948501587,,
926,1853,,,1.026506781578064
926,1853,1.0766087770462036,,
927,1855,,,1.3158173561096191
927,1855,1.0663306713104248,,
928,1857,,,1.4212132692337036
928,1857,1.3057072162628174,,
929,1859,,,1.0608820915222168
929,1859,1.4951515197753906,,
930,1861,,,0.9326400756835938
930,1861,1.3632906675338745,,
931,1863,,,0.9363830089569092
931,1863,1.0279639959335327,,
932,1865,,,1.9145008325576782
932,1865,1.6103931665420532,,
933,1867,,,1.0174880027770996
933,1867,0.712752103805542,,
934,1869,,,0.9950687885284424
934,1869,1.0694096088409424,,
935,1871,,,0.9396376013755798
935,1871,1.3210368156433105,,
936,1873,,,0.7177977561950684
936,1873,0.8004911541938782,,
937,1875,,,1.4395381212234497
937,1875,1.4378631114959717,,
938,1877,,,0.8246433734893799
938,1877,0.7738315463066101,,
939,1879,,,1.2901411056518555
939,1879,1.0178605318069458,,
940,1881,,,0.7022340893745422
940,1881,1.5332403182983398,,
941,1883,,,0.9982253313064575
941,1883,1.1462478637695312,,
942,1885,,,1.3202378749847412
942,1885,0.770010769367218,,
943,1887,,,2.0049471855163574
943,1887,1.2419949769973755,,
944,1889,,,0.830644428730011
944,1889,1.0217198133468628,,
945,1891,,,0.9527627825737
945,1891,1.6971642971038818,,
946,1893,,,2.0874035358428955
946,1893,1.4880568981170654,,
947,1895,,,1.7062143087387085
947,1895,1.4509468078613281,,
948,1897,,,1.2789596319198608
948,1897,1.0990912914276123,,
949,1899,,1.4305351972579956,
949,1899,,,1.1866718530654907
949,1899,1.151321291923523,,
950,1901,,,0.7083423733711243
950,1901,0.7219180464744568,,
951,1903,,,0.8175852298736572
951,1903,1.0906808376312256,,
952,1905,,,1.4806983470916748
952,1905,1.5848840475082397,,
953,1907,,,0.659353494644165
953,1907,1.2175571918487549,,
954,1909,,,1.1426564455032349
954,1909,1.683066964149475,,
955,1911,,,1.27871835231781
955,1911,1.0788718461990356,,
956,1913,,,1.7329641580581665
956,1913,0.8038375973701477,,
957,1915,,,0.8683204054832458
957,1915,1.0966689586639404,,
958,1917,,,1.4225990772247314
958,1917,1.3927613496780396,,
959,1919,,,0.8012946248054504
959,1919,1.6024465560913086,,
960,1921,,,0.9076308608055115
960,1921,1.571936011314392,,
961,1923,,,1.4837677478790283
961,1923,1.3292995691299438,,
962,1925,,,1.7215114831924438
962,1925,0.8283374309539795,,
963,1927,,,1.3951764106750488
963,1927,1.373052716255188,,
964,1929,,,1.6534265279769897
964,1929,1.1794559955596924,,
965,1931,,,0.8621096014976501
965,1931,0.878227710723877,,
966,1933,,,1.0740350484848022
966,1933,1.2288007736206055,,
967,1935,,,1.9342951774597168
967,1935,1.3428579568862915,,
968,1937,,,1.5391757488250732
968,1937,0.833817720413208,,
969,1939,,,0.7921914458274841
969,1939,1.1988558769226074,,
970,1941,,,1.531304121017456
970,1941,0.8334773182868958,,
971,1943,,,1.3982359170913696
971,1943,1.3746452331542969,,
972,1945,,,1.5184998512268066
972,1945,1.0007312297821045,,
973,1947,,,0.8895062208175659
973,1947,1.4214015007019043,,
974,1949,,0.8734817504882812,
974,1949,,,0.8606445789337158
974,1949,1.2257471084594727,,
975,1951,,,1.3494668006896973
975,1951,1.1462782621383667,,
976,1953,,,1.3126885890960693
976,1953,1.0249724388122559,,
977,1955,,,0.9175290465354919
977,1955,1.2586222887039185,,
978,1957,,,0.9767137169837952
978,1957,0.7061991095542908,,
979,1959,,,0.7803061604499817
979,1959,0.8862547278404236,,
980,1961,,,0.7324599623680115
980,1961,0.923448920249939,,
981,1963,,,1.2199711799621582
981,1963,1.3937673568725586,,
982,1965,,,2.2947754859924316
982,1965,1.445593237876892,,
983,1967,,,1.0406122207641602
983,1967,1.0253956317901611,,
984,1969,,,1.0714691877365112
984,1969,0.7326237559318542,,
985,1971,,,1.5449291467666626
985,1971,1.1016055345535278,,
986,1973,,,1.5394768714904785
986,1973,1.1017335653305054,,
987,1975,,,1.257155418395996
987,1975,1.0022355318069458,,
988,1977,,,1.3498018980026245
988,1977,1.1507236957550049,,
989,1979,,,0.9248254299163818
989,1979,0.8494760394096375,,
990,1981,,,0.8683062195777893
990,1981,1.393404245376587,,
991,1983,,,1.114171028137207
991,1983,0.8429698348045349,,
992,1985,,,1.461330533027649
992,1985,1.2704330682754517,,
993,1987,,,1.7739911079406738
993,1987,1.0319019556045532,,
994,1989,,,2.030571222305298
994,1989,1.211537480354309,,
995,1991,,,0.7773837447166443
995,1991,0.9019702076911926,,
996,1993,,,1.1494066715240479
996,1993,1.2240307331085205,,
997,1995,,,0.9373733401298523
997,1995,1.0162365436553955,,
998,1997,,,0.8451371788978577
998,1997,1.3890509605407715,,
999,1999,,0.9520459771156311,
999,1999,,,0.9564054012298584
999,1999,1.4465030431747437,,
